{"main":"Android应用签名、反编译与防止二次签名.md","title":"Android应用签名、反编译与防止二次签名","version":2,"cssText":"","createDate":1617931128243,"updateDate":1617935872026,"slug":"https://cloud.tencent.com/developer/article/1441345","cover":"","excerpt":"","urlMap":{},"id":"dc9763b1-e52c-41aa-9986-a1de9a292d36","fileResources":[{"filename":"images/1617935631204.png","type":"image/png"},{"filename":"images/1617935645670.png","type":"image/png"},{"filename":"images/1617935668408.png","type":"image/png"},{"filename":"images/1617935678586.png","type":"image/png"},{"filename":"images/1617935693065.png","type":"image/png"},{"filename":"images/1617935706363.png","type":"image/png"},{"filename":"images/1617935718470.png","type":"image/png"},{"filename":"images/1617935727800.png","type":"image/png"},{"filename":"images/1617935739396.png","type":"image/png"},{"filename":"images/1617935751542.png","type":"image/png"},{"filename":"images/1617935762776.png","type":"image/png"},{"filename":"images/1617935774745.png","type":"image/png"},{"filename":"images/1617935786167.png","type":"image/png"},{"filename":"images/1617935798164.png","type":"image/png"},{"filename":"images/1617935812525.png","type":"image/png"},{"filename":"images/1617935834867.png","type":"image/png"},{"filename":"images/1617935845744.png","type":"image/png"},{"filename":"images/1617935856627.png","type":"image/png"},{"filename":"images/1617935868172.png","type":"image/png"}]}