{"main":"Processing huge files using FileReader.readAsArrayBuffer() in web browser.md","title":"Processing huge files using FileReader.readAsArrayBuffer() in web browser","version":2,"cssText":"","createDate":1614577777646,"updateDate":1614582584634,"slug":"https://joji.me/en-us/blog/processing-huge-files-using-filereader-readasarraybuffer-in-web-browser/","cover":"","excerpt":"","urlMap":{},"id":"21b4d2cf-8dd7-4b69-815f-eff0fcb179c3","fileResources":[{"filename":"images/1614578336914.gif","type":"image/gif"},{"filename":"images/1614578336920.gif","type":"image/gif"},{"filename":"images/1614578336918.gif","type":"image/gif"}]}