{"main":"A tale of two viewports — part one.md","title":"A tale of two viewports — part one","version":2,"cssText":"","createDate":1603537049339,"updateDate":1603758323568,"slug":"/web/viewports1","cover":"","excerpt":"","urlMap":{},"id":"73f9d241-abf8-4bd9-a5cd-cacd83bc063e","fileResources":[{"filename":"images/1603552288250.gif","type":"image/gif"},{"filename":"images/1603552288334.gif","type":"image/gif"},{"filename":"images/1603552288265.gif","type":"image/gif"},{"filename":"images/1603552288293.jpg","type":"image/jpeg"},{"filename":"images/1603552288335.jpg","type":"image/jpeg"},{"filename":"images/1603552288362.jpg","type":"image/jpeg"},{"filename":"images/1603552288347.jpg","type":"image/jpeg"},{"filename":"images/1603552288348.jpg","type":"image/jpeg"},{"filename":"images/1603552288349.jpg","type":"image/jpeg"},{"filename":"images/1603552288350.jpg","type":"image/jpeg"},{"filename":"images/1603552288351.jpg","type":"image/jpeg"},{"filename":"images/1603552288369.jpg","type":"image/jpeg"},{"filename":"images/1603552288365.jpg","type":"image/jpeg"},{"filename":"images/1603552288363.jpg","type":"image/jpeg"},{"filename":"images/1603552288364.jpg","type":"image/jpeg"},{"filename":"images/1603552288368.jpg","type":"image/jpeg"},{"filename":"images/1603552288423.jpg","type":"image/jpeg"}]}