{"main":"扒一扒迅雷的代码结构.md","title":"扒一扒迅雷的代码结构","version":2,"cssText":"","createDate":1612883813156,"updateDate":1612889874250,"slug":"","cover":"","excerpt":"","urlMap":{},"id":"aa573376-2f5e-47c8-bc5c-c9ef5fede554","fileResources":[{"filename":"images/1612889823102.png","type":"image/png"},{"filename":"images/1612889823126.png","type":"image/png"},{"filename":"images/1612889823127.png","type":"image/png"},{"filename":"images/1612889823138.png","type":"image/png"},{"filename":"images/1612889823245.png","type":"image/png"},{"filename":"images/1612889823246.png","type":"image/png"},{"filename":"images/1612889823155.png","type":"image/png"},{"filename":"images/1612889823247.png","type":"image/png"},{"filename":"images/1612889823249.png","type":"image/png"},{"filename":"images/1612889823248.png","type":"image/png"},{"filename":"images/1612889823251.png","type":"image/png"},{"filename":"images/1612889823250.png","type":"image/png"},{"filename":"images/1612889823252.png","type":"image/png"},{"filename":"images/1612889823253.png","type":"image/png"},{"filename":"images/1612889823254.png","type":"image/png"}]}