{"main":"2021-8-4 魔术头巾的绑法.md","title":"2021-8-4 魔术头巾的绑法","version":2,"cssText":"","createDate":1628056529021,"updateDate":1628065339659,"slug":"/bike_magic","cover":"","excerpt":"","urlMap":{},"id":"77edcedc-aabc-49df-992a-6fc23f034af1","fileResources":[{"filename":"images/1628063242850.jpg","type":"image/jpeg"},{"filename":"images/1628063242852.jpg","type":"image/jpeg"},{"filename":"images/1628063242851.jpg","type":"image/jpeg"},{"filename":"images/1628063242860.jpg","type":"image/jpeg"},{"filename":"images/1628063242861.jpg","type":"image/jpeg"}]}