{"main":"Making a simple note app with PouchDB in React Native.md","title":"Making a simple note app with PouchDB in React Native","version":2,"cssText":"","createDate":1615809582935,"updateDate":1615814996212,"slug":"https://medium.com/@duytq94/making-a-simple-note-app-with-pouchdb-in-react-native-ec4810b18a42","cover":"","excerpt":"","urlMap":{},"id":"538ea4d0-915a-4b78-9046-7f157225172a","fileResources":[{"filename":"images/1615814968155.jpg","type":"image/jpeg"},{"filename":"images/1615814968156.png","type":"image/png"},{"filename":"images/1615814968164.png","type":"image/png"},{"filename":"images/1615814968185.png","type":"image/png"},{"filename":"images/1615814968174.png","type":"image/png"},{"filename":"images/1615814968175.png","type":"image/png"},{"filename":"images/1615814968193.png","type":"image/png"},{"filename":"images/1615814968194.png","type":"image/png"},{"filename":"images/1615814968186.png","type":"image/png"},{"filename":"images/1615814968187.jpg","type":"image/jpeg"},{"filename":"images/1615814968192.png","type":"image/png"},{"filename":"images/1615814968195.png","type":"image/png"},{"filename":"images/1615814968189.jpg","type":"image/jpeg"},{"filename":"images/1615814968190.png","type":"image/png"},{"filename":"images/1615814968191.jpg","type":"image/jpeg"},{"filename":"images/1615814968209.png","type":"image/png"}]}