{"main":"Setting CORS (cross-origin resource sharing) on Apache with correct response headers allowing everything through.md","title":"Setting CORS (cross-origin resource sharing) on Apache with correct response headers allowing everything through","version":2,"cssText":"","createDate":1588119990795,"updateDate":1588132511191,"slug":"/tech/setting-cors-cross-origin-resource-sharing-on-apache-with-correct-response-headers-allowing-everything-through","cover":"","excerpt":"","urlMap":{},"id":"fffe0255-537d-44e8-8d22-25303e988299","fileResources":[]}