{"main":"2020-6-3 怎么没有那种永远都是星期天的国家呢？.md","title":"2020-6-3 怎么没有那种永远都是星期天的国家呢？","version":2,"cssText":"","createDate":1591185095541,"updateDate":1591190141492,"slug":"/daily-cycling/2020-6-3","cover":"","excerpt":"","urlMap":{},"id":"32aea336-e42e-4857-a911-a86f0f40259b","fileResources":[{"filename":"images/IMG_20200603_161611.jpg","type":"image/jpeg"},{"filename":"images/IMG_20200603_161457.jpg","type":"image/jpeg"},{"filename":"images/IMG_20200603_161148.jpg","type":"image/jpeg"},{"filename":"images/IMG_20200603_161145.jpg","type":"image/jpeg"},{"filename":"images/IMG_20200603_161038.jpg","type":"image/jpeg"},{"filename":"images/IMG_20200603_161014.jpg","type":"image/jpeg"},{"filename":"images/IMG_20200603_160756.jpg","type":"image/jpeg"},{"filename":"images/IMG_20200603_160458.jpg","type":"image/jpeg"},{"filename":"images/IMG_20200603_155638.jpg","type":"image/jpeg"},{"filename":"images/IMG_20200602_164533.jpg","type":"image/jpeg"},{"filename":"images/IMG_20200602_163849.jpg","type":"image/jpeg"},{"filename":"images/IMG_20200603_164645.jpg","type":"image/jpeg"}]}