{"main":"Exploring the Complexities of Width and Height in CSS.md","title":"Exploring the Complexities of Width and Height in CSS","version":2,"cssText":"","createDate":1612876693423,"updateDate":1612879714055,"slug":"","cover":"","excerpt":"","urlMap":{},"id":"338075c3-2de2-4571-b592-1ce09ce82492","fileResources":[{"filename":"images/1612879148430.png","type":"image/png"},{"filename":"images/1612879177443.png","type":"image/png"},{"filename":"images/1612879204985.png","type":"image/png"},{"filename":"images/1612879289053.png","type":"image/png"},{"filename":"images/1612879311374.png","type":"image/png"},{"filename":"images/1612879355960.png","type":"image/png"},{"filename":"images/1612879375153.png","type":"image/png"},{"filename":"images/1612879408595.png","type":"image/png"},{"filename":"images/1612879431921.png","type":"image/png"},{"filename":"images/1612879458184.png","type":"image/png"},{"filename":"images/1612879479821.png","type":"image/png"},{"filename":"images/1612879546619.png","type":"image/png"},{"filename":"images/1612879574410.png","type":"image/png"},{"filename":"images/1612879630872.png","type":"image/png"}]}