{"main":"Animated Transition in React Native!.md","title":"Animated Transition in React Native!","version":2,"cssText":"","createDate":1615768077536,"updateDate":1615778599760,"slug":"https://medium.com/react-native-motion/transition-challenge-9bc9fdef56c7","cover":"","excerpt":"","urlMap":{},"id":"abdc183c-d556-4d80-9b55-c4101809a7d5","fileResources":[{"filename":"images/1615778590366.gif","type":"image/gif"},{"filename":"images/1615778590294.png","type":"image/png"},{"filename":"images/1615778590320.gif","type":"image/gif"},{"filename":"images/1615778590321.png","type":"image/png"},{"filename":"images/1615778590322.png","type":"image/png"}]}