{"main":"How to pick more beautiful colors for your data visualizations.md","title":"How to pick more beautiful colors for your data visualizations","version":2,"cssText":"","createDate":1600129779194,"updateDate":1611507440031,"slug":"https://blog.datawrapper.de/beautifulcolors/?ref=heydesigner","cover":"","excerpt":"","urlMap":{},"id":"22a849e2-b67f-4f42-aa5d-2813ddf7ec17","fileResources":[{"filename":"images/1600139727635.png","type":"image/png"},{"filename":"images/1600139727799.png","type":"image/png"},{"filename":"images/1600139727633.png","type":"image/png"},{"filename":"images/1600139727638.png","type":"image/png"},{"filename":"images/1600139727643.png","type":"image/png"},{"filename":"images/1600139727644.png","type":"image/png"},{"filename":"images/1600139727781.png","type":"image/png"},{"filename":"images/1600139727803.png","type":"image/png"},{"filename":"images/1600139727795.png","type":"image/png"},{"filename":"images/1600139727804.png","type":"image/png"},{"filename":"images/1600139727796.png","type":"image/png"},{"filename":"images/1600139727801.png","type":"image/png"},{"filename":"images/1600139727797.png","type":"image/png"},{"filename":"images/1600139727798.png","type":"image/png"},{"filename":"images/1600139727643.png","type":"image/png"},{"filename":"images/1600139727800.png","type":"image/png"},{"filename":"images/1600139727802.png","type":"image/png"},{"filename":"images/1600139727805.png","type":"image/png"},{"filename":"images/1600139727806.png","type":"image/png"},{"filename":"images/1600139727808.png","type":"image/png"},{"filename":"images/1600139727810.png","type":"image/png"},{"filename":"images/1600139727901.png","type":"image/png"},{"filename":"images/1600139727902.png","type":"image/png"},{"filename":"images/1600139727903.png","type":"image/png"},{"filename":"images/1600139727905.png","type":"image/png"},{"filename":"images/1600139727932.png","type":"image/png"},{"filename":"images/1600139727933.png","type":"image/png"},{"filename":"images/1600139727934.jpg","type":"image/jpeg"}]}