{"main":"2016-12-29滚珠轴承花鼓塔基保养和更换过程.md","title":"2016-12-29滚珠轴承花鼓塔基保养和更换过程","version":2,"cssText":"","createDate":1483022131084,"updateDate":1627643137515,"slug":"","cover":"","excerpt":"","urlMap":{},"id":"A8CD39F5-8DE5-60AE-9634-81F66F1D752C","fileResources":[{"filename":"images/1483022191849.jpg","type":"image/png"},{"filename":"images/1483022209709.jpg","type":"image/png"},{"filename":"images/1483022225211.jpg","type":"image/png"},{"filename":"images/1483022242492.jpg","type":"image/png"},{"filename":"images/1483022257232.jpg","type":"image/png"},{"filename":"images/1483022271941.jpg","type":"image/png"},{"filename":"images/1483022287891.jpg","type":"image/png"},{"filename":"images/1483022304066.jpg","type":"image/png"},{"filename":"images/1483022321149.jpg","type":"image/png"},{"filename":"images/1483022338412.jpg","type":"image/png"},{"filename":"images/1483022353850.jpg","type":"image/png"},{"filename":"images/1483022370657.jpg","type":"image/png"},{"filename":"images/1483022386952.jpg","type":"image/png"},{"filename":"images/1483022401092.jpg","type":"image/png"},{"filename":"images/1483022415504.jpg","type":"image/png"},{"filename":"images/1483022438360.jpg","type":"image/png"},{"filename":"images/1483022455123.jpg","type":"image/png"},{"filename":"images/1483022475186.jpg","type":"image/png"},{"filename":"images/1483022492005.jpg","type":"image/png"},{"filename":"images/1483022507749.jpg","type":"image/png"},{"filename":"images/1483022522904.jpg","type":"image/png"},{"filename":"images/1483022538320.jpg","type":"image/png"},{"filename":"images/1483022552767.jpg","type":"image/png"},{"filename":"images/1483022570153.jpg","type":"image/png"},{"filename":"images/1483022584745.jpg","type":"image/png"},{"filename":"images/1483022601189.jpg","type":"image/png"},{"filename":"images/1483022616200.jpg","type":"image/png"},{"filename":"images/1483022639930.jpg","type":"image/png"},{"filename":"images/1483022655043.jpg","type":"image/png"},{"filename":"images/1483022668288.jpg","type":"image/png"},{"filename":"images/1483022683091.jpg","type":"image/png"},{"filename":"images/1483022698718.jpg","type":"image/png"},{"filename":"images/1483022722113.jpg","type":"image/png"},{"filename":"images/1483022737301.jpg","type":"image/png"},{"filename":"images/1483022751893.jpg","type":"image/png"},{"filename":"images/1483022770138.jpg","type":"image/png"},{"filename":"images/1483022785206.jpg","type":"image/png"},{"filename":"images/1483022799043.jpg","type":"image/png"},{"filename":"images/1483022814015.jpg","type":"image/png"},{"filename":"images/1483022828558.jpg","type":"image/png"},{"filename":"images/1483022841916.jpg","type":"image/png"},{"filename":"images/1483022857166.jpg","type":"image/png"},{"filename":"images/1483022862582.jpg","type":"image/png"},{"filename":"images/1483022877196.jpg","type":"image/png"},{"filename":"images/1483022897372.jpg","type":"image/png"},{"filename":"images/1483022909601.jpg","type":"image/png"},{"filename":"images/1483022915309.jpg","type":"image/png"}]}