{"main":"有道云笔记新版编辑器架构设计（上）.md","title":"有道云笔记新版编辑器架构设计（上）","version":2,"cssText":"","createDate":1611572307275,"updateDate":1627643947769,"slug":"","cover":"","excerpt":"","urlMap":{},"id":"25936e9b-018a-472e-940c-28df28db9c58","fileResources":[{"filename":"images/1611574768825.jpg","type":"image/jpeg"},{"filename":"images/1611574768843.jpg","type":"image/jpeg"},{"filename":"images/1611574768892.jpg","type":"image/jpeg"},{"filename":"images/1611574768807.jpg","type":"image/jpeg"},{"filename":"images/1611574768858.jpg","type":"image/jpeg"},{"filename":"images/1611574768876.png","type":"image/png"},{"filename":"images/1611574768891.png","type":"image/png"},{"filename":"images/1611574768912.png","type":"image/png"},{"filename":"images/1611574768842.png","type":"image/png"},{"filename":"images/1611574769021.png","type":"image/png"},{"filename":"images/1611574768940.png","type":"image/png"},{"filename":"images/1611574768980.jpg","type":"image/jpeg"},{"filename":"images/1611574768971.png","type":"image/png"},{"filename":"images/1611574768911.png","type":"image/png"},{"filename":"images/1611574768805.png","type":"image/png"},{"filename":"images/1611574768990.png","type":"image/png"},{"filename":"images/1611574768926.jpg","type":"image/jpeg"},{"filename":"images/1611574768824.png","type":"image/png"},{"filename":"images/1611574768756.png","type":"image/png"},{"filename":"images/1611574769232.png","type":"image/png"}]}