{"main":"雷达坐标系简述及太极图制作.md","title":"雷达坐标系简述及太极图制作","version":2,"cssText":"","createDate":1614997815674,"updateDate":1627621028846,"slug":"http://www.chinavalue.net/General/Blog/2016-8-15/1300948.aspx","cover":"","excerpt":"","urlMap":{},"id":"f70cf70f-74b9-4519-9b0e-d8c1008ae5f7","fileResources":[{"filename":"images/1615030347962.png","type":"image/png"},{"filename":"images/1615030347963.png","type":"image/png"},{"filename":"images/1615030347987.png","type":"image/png"},{"filename":"images/1615030347988.png","type":"image/png"},{"filename":"images/1615030348002.png","type":"image/png"},{"filename":"images/1615030348004.png","type":"image/png"},{"filename":"images/1615030348005.png","type":"image/png"},{"filename":"images/1615030348006.png","type":"image/png"},{"filename":"images/1615030348007.png","type":"image/png"},{"filename":"images/1615030348032.png","type":"image/png"},{"filename":"images/1615030348033.png","type":"image/png"},{"filename":"images/1615030348035.png","type":"image/png"},{"filename":"images/1615030348036.png","type":"image/png"},{"filename":"images/1615030348038.png","type":"image/png"},{"filename":"images/1615030348039.png","type":"image/png"},{"filename":"images/1615030348040.png","type":"image/png"},{"filename":"images/1615030348041.png","type":"image/png"},{"filename":"images/1615030348042.png","type":"image/png"},{"filename":"images/1615030348043.png","type":"image/png"},{"filename":"images/1615030348044.png","type":"image/png"},{"filename":"images/1615030348086.png","type":"image/png"},{"filename":"images/1615030348087.png","type":"image/png"},{"filename":"images/1615030348088.png","type":"image/png"},{"filename":"images/1615030348089.png","type":"image/png"},{"filename":"images/1615030348177.png","type":"image/png"},{"filename":"images/1615030348178.png","type":"image/png"},{"filename":"images/1615030348179.png","type":"image/png"},{"filename":"images/1615030348180.png","type":"image/png"},{"filename":"images/1615030348181.png","type":"image/png"},{"filename":"images/1615030348182.png","type":"image/png"},{"filename":"images/1615030348183.png","type":"image/png"},{"filename":"images/1615030348184.png","type":"image/png"},{"filename":"images/1615030348185.png","type":"image/png"},{"filename":"images/1615030348186.png","type":"image/png"},{"filename":"images/1615030348199.png","type":"image/png"},{"filename":"images/1615030348201.png","type":"image/png"},{"filename":"images/1615030348202.png","type":"image/png"},{"filename":"images/1615030348203.png","type":"image/png"},{"filename":"images/1615030348204.png","type":"image/png"},{"filename":"images/1615030348214.png","type":"image/png"},{"filename":"images/1615030348234.png","type":"image/png"},{"filename":"images/1615030348261.png","type":"image/png"},{"filename":"images/1615030348262.png","type":"image/png"},{"filename":"images/1615030348262.png","type":"image/png"},{"filename":"images/1615030348263.png","type":"image/png"},{"filename":"images/1615030348264.png","type":"image/png"},{"filename":"images/1615030348265.png","type":"image/png"},{"filename":"images/1615030348266.png","type":"image/png"},{"filename":"images/1615030348267.png","type":"image/png"},{"filename":"images/1615030348268.png","type":"image/png"},{"filename":"images/1615030348269.png","type":"image/png"},{"filename":"images/1615030348270.png","type":"image/png"},{"filename":"images/1615030348271.png","type":"image/png"},{"filename":"images/1615030348272.png","type":"image/png"},{"filename":"images/1615030348273.png","type":"image/png"},{"filename":"images/1615030348274.png","type":"image/png"},{"filename":"images/1615030348275.png","type":"image/png"}]}