{"main":"How to install and configure Redsocks on Centos Linux.md","title":"How to install and configure Redsocks on Centos Linux","version":2,"cssText":"","createDate":1628068119786,"updateDate":1628091539407,"slug":"https://crosp.net/blog/administration/install-configure-redsocks-proxy-centos-linux/","cover":"","excerpt":"","urlMap":{},"id":"9d37eb13-6f8e-45c5-b2c5-7924448a76d3","fileResources":[{"filename":"images/1628091098582.png","type":"image/png"},{"filename":"images/1628091098586.png","type":"image/png"}]}