{"main":"2020-6-5 日常打卡,冰火两重天.md","title":"2020-6-5 日常打卡,冰火两重天","version":2,"cssText":"","createDate":1591350386413,"updateDate":1591353926282,"slug":"/daily-cycling/2020-6-5","cover":"","excerpt":"","urlMap":{},"id":"ab4f7c5d-2e32-484d-9589-bccdbe9f7915","fileResources":[{"filename":"images/IMG_20200604_161750.jpg","type":"image/jpeg"},{"filename":"images/IMG_20200604_161837.jpg","type":"image/jpeg"},{"filename":"images/IMG_20200604_161755.jpg","type":"image/jpeg"},{"filename":"images/IMG_20200605_161419.jpg","type":"image/jpeg"},{"filename":"images/IMG_20200605_161424.jpg","type":"image/jpeg"}]}