{"main":"有道云笔记新版编辑器架构设计（下）.md","title":"有道云笔记新版编辑器架构设计（下）","version":2,"cssText":"","createDate":1627616929034,"updateDate":1627644591366,"slug":"","cover":"","excerpt":"","urlMap":{},"id":"44c896d9-585f-4db2-8364-b331c2aa2f40","fileResources":[{"filename":"images/1627644268059.jpg","type":"image/jpeg"},{"filename":"images/1627644268060.jpg","type":"image/jpeg"},{"filename":"images/1627644268061.jpg","type":"image/jpeg"},{"filename":"images/1627644268069.jpg","type":"image/jpeg"},{"filename":"images/1627644268070.jpg","type":"image/jpeg"},{"filename":"images/1627644268071.jpg","type":"image/jpeg"},{"filename":"attachments/1627644268110.jpg","type":"application/octet-stream"},{"filename":"attachments/1627644268117.jpg","type":"application/octet-stream"},{"filename":"attachments/1627644268136.jpg","type":"application/octet-stream"},{"filename":"attachments/1627644268137.jpg","type":"application/octet-stream"},{"filename":"attachments/1627644268161.jpg","type":"application/octet-stream"},{"filename":"attachments/1627644268162.jpg","type":"application/octet-stream"},{"filename":"attachments/1627644268178.jpg","type":"application/octet-stream"},{"filename":"attachments/1627644268179.jpg","type":"application/octet-stream"},{"filename":"attachments/1627644268180.jpg","type":"application/octet-stream"},{"filename":"attachments/1627644268181.jpg","type":"application/octet-stream"},{"filename":"attachments/1627644268182.jpg","type":"application/octet-stream"},{"filename":"attachments/1627644268183.jpg","type":"application/octet-stream"},{"filename":"attachments/1627644268197.jpg","type":"application/octet-stream"},{"filename":"attachments/1627644268198.jpg","type":"application/octet-stream"},{"filename":"attachments/1627644268210.jpg","type":"application/octet-stream"},{"filename":"attachments/1627644268211.jpg","type":"application/octet-stream"},{"filename":"attachments/1627644268217.jpg","type":"application/octet-stream"}]}