{"main":"Introduction to JavaScript Source Maps.md","title":"Introduction to JavaScript Source Maps","version":2,"cssText":"","createDate":1617410405427,"updateDate":1617412429803,"slug":"https://www.html5rocks.com/en/tutorials/developertools/sourcemaps","cover":"","excerpt":"","urlMap":{},"id":"45a7661c-a190-4eee-839a-217d2446cc71","fileResources":[{"filename":"images/1617412409317.png","type":"image/png"},{"filename":"images/1617412409321.png","type":"image/png"},{"filename":"images/1617412409325.png","type":"image/png"},{"filename":"images/1617412409322.png","type":"image/png"},{"filename":"images/1617412409326.png","type":"image/png"},{"filename":"images/1617412409323.png","type":"image/png"},{"filename":"images/1617412409327.png","type":"image/png"},{"filename":"images/1617412409324.png","type":"image/png"}]}