{"main":"2021-3-6 太极图阴阳鱼是顺时针旋转还是逆时针旋转正确？.md","title":"2021-3-6 太极图阴阳鱼是顺时针旋转还是逆时针旋转正确？","version":2,"cssText":"","createDate":1614997815674,"updateDate":1627621081809,"slug":"http://www.360doc.com/content/18/0128/20/13179508_725851429.shtml","cover":"","excerpt":"","urlMap":{},"id":"3fff990a-d90a-4d09-b8dc-5d68f98e1eb1","fileResources":[{"filename":"images/1614997967780.png","type":"image/png"},{"filename":"images/1614998045136.png","type":"image/png"},{"filename":"images/1614998070038.png","type":"image/png"},{"filename":"images/1614998098474.png","type":"image/png"},{"filename":"images/1614998110438.png","type":"image/png"}]}