{"main":"2017-2-6教你怎样选择适合自己使用的车架，把立，把横，曲柄的尺寸.md","title":"2017-2-6教你怎样选择适合自己使用的车架，把立，把横，曲柄的尺寸","version":2,"cssText":"","createDate":1486395827000,"updateDate":1627643649691,"slug":"","cover":"","excerpt":"","urlMap":{},"id":"79975B7B-B1AE-5D51-A07A-94D35CC140D8","fileResources":[{"filename":"images/1486473069205.jpg","type":"image/png"},{"filename":"images/1627643643193.jpg","type":"image/jpeg"},{"filename":"images/1627643643194.jpg","type":"image/jpeg"},{"filename":"images/1627643643185.jpg","type":"image/jpeg"},{"filename":"images/1627643643195.jpg","type":"image/jpeg"}]}