{"main":"2020-5-10 热爱骑行的人，一定能看懂这组漫画.md","title":"2020-5-10 热爱骑行的人，一定能看懂这组漫画","version":2,"cssText":"","createDate":1589103372627,"updateDate":1589104125629,"slug":"/bike/love-cycling-love-life","cover":"","excerpt":"","urlMap":{},"id":"17250650-d09a-4036-91b7-48223d50e6f4","fileResources":[{"filename":"images/1589103926766.jpg","type":"image/jpeg"},{"filename":"images/1589103926896.jpg","type":"image/jpeg"},{"filename":"images/1589103926876.jpg","type":"image/jpeg"},{"filename":"images/1589103926875.jpg","type":"image/jpeg"},{"filename":"images/1589103926872.jpg","type":"image/jpeg"},{"filename":"images/1589103926874.jpg","type":"image/jpeg"},{"filename":"images/1589103927077.jpg","type":"image/jpeg"},{"filename":"images/1589103927018.jpg","type":"image/jpeg"},{"filename":"images/1589103927150.jpg","type":"image/jpeg"},{"filename":"images/1589103927152.jpg","type":"image/jpeg"},{"filename":"images/1589103927234.jpg","type":"image/jpeg"},{"filename":"images/1589103927302.jpg","type":"image/jpeg"},{"filename":"images/1589103927385.jpg","type":"image/jpeg"},{"filename":"images/1589103927147.jpg","type":"image/jpeg"},{"filename":"images/1589103927445.jpg","type":"image/jpeg"},{"filename":"images/1589103927462.jpg","type":"image/jpeg"},{"filename":"images/1589103927654.jpg","type":"image/jpeg"},{"filename":"images/1589103927397.jpg","type":"image/jpeg"},{"filename":"images/1589103927420.jpg","type":"image/jpeg"},{"filename":"images/1589103927508.jpg","type":"image/jpeg"}]}