{"main":"从外包到 React 核心团队成员.md","title":"从外包到 React 核心团队成员","version":2,"cssText":"","createDate":1599609114991,"updateDate":1611759745089,"slug":"","cover":"","excerpt":"","urlMap":{},"id":"1ecbc9f9-ced7-4fb3-a223-799840033dee","fileResources":[{"filename":"images/1599632928144.jpg","type":"image/jpeg"},{"filename":"images/1599632928157.jpg","type":"image/jpeg"},{"filename":"images/1599632928158.jpg","type":"image/jpeg"},{"filename":"images/1599632928160.jpg","type":"image/jpeg"},{"filename":"images/1599632928292.svg","type":"image/svg+xml"},{"filename":"images/1599632928159.jpg","type":"image/jpeg"},{"filename":"attachments/1599632928173.jpg","type":"application/octet-stream"},{"filename":"attachments/1599632928174.jpg","type":"application/octet-stream"}]}