{"main":"一些由个人开发者独立开发出来, 并且比较优秀的作品.md","title":"一些由个人开发者独立开发出来, 并且比较优秀的作品","version":2,"cssText":"","createDate":1594522795212,"updateDate":1594533636960,"slug":"/startup/awesome-indie-product","cover":"","excerpt":"","urlMap":{},"id":"6e5ee629-fd9c-4a56-b989-bb9c398eebba","fileResources":[{"filename":"images/1594532954186.png","type":"image/png"},{"filename":"images/1594532965807.png","type":"image/png"},{"filename":"images/1594533320046.png","type":"image/png"},{"filename":"images/1594533201558.png","type":"image/png"},{"filename":"images/1594533213652.png","type":"image/png"},{"filename":"images/1594533258385.png","type":"image/png"},{"filename":"images/1594533299858.png","type":"image/png"},{"filename":"images/1594533352924.png","type":"image/png"},{"filename":"images/1594533380345.png","type":"image/png"},{"filename":"images/1594533415814.png","type":"image/png"},{"filename":"images/1594533494930.png","type":"image/png"},{"filename":"images/1594533461886.png","type":"image/png"}]}