{"main":"无线性能优化：Composite.md","title":"无线性能优化：Composite","version":2,"cssText":"","createDate":1603720753314,"updateDate":1603762640412,"slug":"/web/performance-composite","cover":"","excerpt":"","urlMap":{},"id":"27d636a9-adf5-4fac-998b-d022ee456ccf","fileResources":[{"filename":"images/1603721617640.jpg","type":"image/jpeg"},{"filename":"images/1603721617656.png","type":"image/png"},{"filename":"images/1603721617681.jpg","type":"image/jpeg"},{"filename":"images/1603721617741.jpg","type":"image/jpeg"},{"filename":"images/1603721617749.jpg","type":"image/jpeg"},{"filename":"images/1603721617744.jpg","type":"image/jpeg"},{"filename":"images/1603721617747.png","type":"image/png"},{"filename":"images/1603721617751.png","type":"image/png"},{"filename":"images/1603721617752.jpg","type":"image/jpeg"},{"filename":"images/1603721617753.jpg","type":"image/jpeg"},{"filename":"images/1603721617754.jpg","type":"image/jpeg"},{"filename":"images/1603721617755.png","type":"image/png"},{"filename":"images/1603721617756.png","type":"image/png"},{"filename":"images/1603721617757.jpg","type":"image/jpeg"},{"filename":"images/1603721617758.jpg","type":"image/jpeg"},{"filename":"images/1603721617761.jpg","type":"image/jpeg"},{"filename":"images/1603721617759.png","type":"image/png"},{"filename":"images/1603721617760.jpg","type":"image/jpeg"},{"filename":"images/1603721617762.png","type":"image/png"},{"filename":"images/1603721617763.png","type":"image/png"},{"filename":"images/1603721617764.png","type":"image/png"},{"filename":"images/1603721617865.jpg","type":"image/jpeg"},{"filename":"images/1603721617866.jpg","type":"image/jpeg"},{"filename":"images/1603721617917.jpg","type":"image/jpeg"},{"filename":"images/1603721617918.jpg","type":"image/jpeg"},{"filename":"images/1603721617919.jpg","type":"image/jpeg"},{"filename":"images/1603721617920.jpg","type":"image/jpeg"}]}