{"main":"A tale of two viewports — part two.md","title":"A tale of two viewports — part two","version":2,"cssText":"","createDate":1603537049339,"updateDate":1603758334015,"slug":"/web/viewports2","cover":"","excerpt":"","urlMap":{},"id":"54ba964e-9dc9-4f2f-be32-5ea35a2535f6","fileResources":[{"filename":"images/1603552739491.jpg","type":"image/jpeg"},{"filename":"images/1603552739492.jpg","type":"image/jpeg"},{"filename":"images/1603552739528.jpg","type":"image/jpeg"},{"filename":"images/1603552739529.jpg","type":"image/jpeg"},{"filename":"images/1603552739530.jpg","type":"image/jpeg"},{"filename":"images/1603552739531.jpg","type":"image/jpeg"},{"filename":"images/1603552739543.jpg","type":"image/jpeg"},{"filename":"images/1603552739544.jpg","type":"image/jpeg"},{"filename":"images/1603552739545.jpg","type":"image/jpeg"},{"filename":"images/1603552739546.jpg","type":"image/jpeg"},{"filename":"images/1603552739576.jpg","type":"image/jpeg"},{"filename":"images/1603552739577.jpg","type":"image/jpeg"},{"filename":"images/1603552739578.jpg","type":"image/jpeg"},{"filename":"images/1603552739579.jpg","type":"image/jpeg"},{"filename":"images/1603552739580.jpg","type":"image/jpeg"},{"filename":"images/1603552739581.jpg","type":"image/jpeg"},{"filename":"images/1603552739582.jpg","type":"image/jpeg"},{"filename":"images/1603552739585.jpg","type":"image/jpeg"}]}