{"main":"丰子恺的处世哲学：羡他村落无盐女，不宠无惊过一生.md","title":"丰子恺的处世哲学：羡他村落无盐女，不宠无惊过一生","version":2,"cssText":"","createDate":1629267594261,"updateDate":1629273371833,"slug":"https://www.sohu.com/a/253977486_488632","cover":"","excerpt":"","urlMap":{},"id":"8ce9e5b0-28dd-4ace-88e4-a55b47e2119c","fileResources":[{"filename":"images/1629273321108.jpg","type":"image/jpeg"},{"filename":"images/1629273321115.jpg","type":"image/jpeg"},{"filename":"images/1629273321116.jpg","type":"image/jpeg"},{"filename":"images/1629273321117.jpg","type":"image/jpeg"},{"filename":"images/1629273321118.jpg","type":"image/jpeg"},{"filename":"images/1629273321119.jpg","type":"image/jpeg"},{"filename":"images/1629273321161.jpg","type":"image/jpeg"},{"filename":"images/1629273321169.jpg","type":"image/jpeg"},{"filename":"images/1629273321170.jpg","type":"image/jpeg"},{"filename":"images/1629273321171.jpg","type":"image/jpeg"},{"filename":"images/1629273321172.jpg","type":"image/jpeg"},{"filename":"images/1629273321173.jpg","type":"image/jpeg"},{"filename":"images/1629273321174.jpg","type":"image/jpeg"},{"filename":"images/1629273321175.jpg","type":"image/jpeg"},{"filename":"images/1629273321176.jpg","type":"image/jpeg"}]}