{"main":"2020-5-24 日常打卡.md","title":"2020-5-24 日常打卡","version":2,"cssText":"","createDate":1590314601724,"updateDate":1590316564962,"slug":"/daily-cycling/2020-5-24","cover":"","excerpt":"","urlMap":{},"id":"5994c992-04dc-44ce-8d85-61960fff2259","fileResources":[{"filename":"images/IMG_20200524_161557.jpg","type":"image/jpeg"},{"filename":"images/IMG_20200524_161757.jpg","type":"image/jpeg"},{"filename":"images/IMG_20200524_161855.jpg","type":"image/jpeg"},{"filename":"images/IMG_20200524_164615.jpg","type":"image/jpeg"}]}