{"main":"Exploring Node.js Internals.md","title":"Exploring Node.js Internals","version":2,"cssText":"","createDate":1588213046237,"updateDate":1588218250904,"slug":"/tech/nodejs-internals","cover":"","excerpt":"","urlMap":{},"id":"5f9f18eb-7424-4f0a-9403-61bdabc43534","fileResources":[{"filename":"images/1588218242975.png","type":"image/png"},{"filename":"images/1588218242983.png","type":"image/png"},{"filename":"images/1588218242987.png","type":"image/png"},{"filename":"images/1588218243002.png","type":"image/png"},{"filename":"images/1588218243013.png","type":"image/png"},{"filename":"images/1588218242608.png","type":"image/png"}]}