{"main":"2020-10-9 中印界湖-班公湖.md","title":"2020-10-9 中印界湖-班公湖","version":2,"cssText":"","createDate":1602208855168,"updateDate":1611503529789,"slug":"","cover":"","excerpt":"","urlMap":{},"id":"62a7b45a-3f00-4cfa-8e3b-11fe96a8c282","fileResources":[{"filename":"images/1602210769785.jpg","type":"image/jpeg"},{"filename":"images/1602210769885.png","type":"image/png"},{"filename":"images/1602210769757.jpg","type":"image/jpeg"},{"filename":"images/1602210769831.jpg","type":"image/jpeg"},{"filename":"images/1602210769647.jpg","type":"image/jpeg"},{"filename":"images/1602210769613.jpg","type":"image/jpeg"},{"filename":"images/1602210769810.jpg","type":"image/jpeg"},{"filename":"images/1602210769620.jpg","type":"image/jpeg"},{"filename":"images/1602210769650.jpg","type":"image/jpeg"},{"filename":"images/1602210769677.jpg","type":"image/jpeg"},{"filename":"images/1602210769752.jpg","type":"image/jpeg"},{"filename":"images/1602210769754.jpg","type":"image/jpeg"},{"filename":"images/1602210769619.jpg","type":"image/jpeg"},{"filename":"images/1602210769649.jpg","type":"image/jpeg"},{"filename":"images/1602210769751.jpg","type":"image/jpeg"},{"filename":"images/1602210769758.jpg","type":"image/jpeg"},{"filename":"images/1602210769755.jpg","type":"image/jpeg"},{"filename":"images/1602210769759.jpg","type":"image/jpeg"},{"filename":"images/1602210769886.jpg","type":"image/jpeg"},{"filename":"images/1602210769756.jpg","type":"image/jpeg"},{"filename":"images/1602210769760.jpg","type":"image/jpeg"},{"filename":"images/1602210769753.jpg","type":"image/jpeg"},{"filename":"images/1602210769776.jpg","type":"image/jpeg"},{"filename":"images/1602210769801.jpg","type":"image/jpeg"},{"filename":"images/1602210769774.jpg","type":"image/jpeg"}]}